Subject,Accuracy,Std
1,0.7247252747252747,0.09612872513290109
2,0.6038461538461538,0.14065182843950663
3,0.8379120879120879,0.09351157642630996
4,0.5403846153846154,0.15395428892019564
5,0.5641025641025641,0.12403473458920845
6,0.5416666666666666,0.14996364726312553
7,0.739010989010989,0.17255284337848578
8,0.8796703296703295,0.08334460335175499
9,0.8356060606060607,0.14833983333020645
