Subject,Accuracy,Std
1,0.7406593406593406,0.11467073774260389
2,0.5434065934065935,0.13167224461675728
3,0.8758241758241757,0.05631265044096247
4,0.5897435897435898,0.1271753514629461
5,0.6346153846153846,0.141054775545325
6,0.5325757575757576,0.1466667449286042
7,0.7373626373626374,0.045759698491553875
8,0.8857142857142858,0.0703983181452614
9,0.6916666666666668,0.15026186203058947
