Subject,Accuracy,Std
1,0.689010989010989,0.11391529149343514
2,0.5895604395604395,0.15732046368379526
3,0.7873626373626375,0.09532769102039955
4,0.47115384615384615,0.16391340259507717
5,0.7211538461538463,0.08481183488923057
6,0.5424242424242424,0.13982147872799186
7,0.8346153846153846,0.103362441088387
8,0.8785714285714284,0.08370604571427127
9,0.7818181818181817,0.16912104651596632
