Subject,Accuracy,Std
1,0.6747252747252748,0.08335728030115552
2,0.612087912087912,0.11510169395667753
3,0.8082417582417583,0.12470106750613415
4,0.5576923076923077,0.10497956972273985
5,0.721153846153846,0.1290755707273064
6,0.5424242424242425,0.11227466975786583
7,0.7131868131868131,0.11852859526368198
8,0.8945054945054945,0.07620544372565191
9,0.8106060606060608,0.15354698254737253
